{"cameraMode":{"drawMode":0,"name":"Shaded","section":"Shading Mode"},"sceneLighting":false,"audioPlay":false,"sceneViewState":{"m_AlwaysRefresh":false,"showFog":true,"showSkybox":true,"showFlares":true,"showImageEffects":true,"showParticleSystems":true,"showVisualEffectGraphs":true,"m_FxEnabled":true},"in2DMode":false,"pivot":{"x":14.969078063964844,"y":-36.007659912109378,"z":-55.51097106933594},"rotation":{"x":0.0054954648949205879,"y":-0.8639764785766602,"z":0.5038977265357971,"w":0.008367505855858326},"size":43.94517135620117,"orthographic":false}